DROP DATABASE IF EXISTS `DB_Desafio_Full_Stack`;
CREATE DATABASE `DB_Desafio_Full_Stack`;
USE `DB_Desafio_Full_Stack`;



CREATE TABLE fornecedor (
  id INT NOT NULL AUTO_INCREMENT,
  cpf_cnpj VARCHAR(18) UNIQUE NOT NULL,
  nome VARCHAR(50) NOT NULL,
  email VARCHAR(50) NOT NULL,
  cep VARCHAR(9) NOT NULL,
  rg VARCHAR(14),
  data_nascimento DATE,
  PRIMARY KEY (id)
);

CREATE TABLE empresa (
  id INT NOT NULL AUTO_INCREMENT,
  cnpj VARCHAR(18) UNIQUE NOT NULL,
  nome_fantasia VARCHAR(50) NOT NULL,
  cep VARCHAR(9) NOT NULL,
  PRIMARY KEY (id)
);

CREATE TABLE empresa_fornecedor (
  id INT NOT NULL AUTO_INCREMENT,
  id_empresa int NOT NULL,
  id_fornecedor int NOT NULL,
  PRIMARY KEY (id)
);


INSERT INTO fornecedor (id, cpf_cnpj, nome, email, cep, rg, data_nascimento) VALUES
(1, '38.946.314/0001-54', 'COUTINHO BOLOS E DOCES', 'IZISCOUT25@GMAIL.COM', '12316-230', null, null),
(2, '38.946.346/0001-50', 'CONCEITO ODONTOLOGICO', 'SANDRASOFIATO@UOL.COM.BR', '13185-230', null, null),
(3, '38.946.358/0001-84', 'DROGARIA CONQUISTA', 'CONTATO@ESCRITORIOMARCIOROSA.COM.BR', '28300-000', null, null),
(4, '38.946.368/0001-10', 'KM TRANSPORTES', 'MARCIOCORTINASILVA81@GMAIL.COM', '88535-000', null, null),
(5, '38.946.378/0001-55', 'MTB DISTRIBUIDORA', 'M_BOQUETTI@HOTMAIL.COM', '04650-031', null, null),
(6, '38.946.388/0001-90', 'PAZ TRAINERS', 'JOAOEPAZ@HOTMAIL.COM', '62850-000', null, null),
(7, '38.946.436/0001-40', 'LUCAS OTERO', 'LUCASAMORIMOTERO@GMAIL.COM', '86809-060', null, null),
(8, '38.946.475/0001-48', 'TEKTON', 'TEKTON.SYSTEM@GMAIL.COM', '60822-130', null, null),
(9, '38.946.494/0001-74', 'MAXXIBLOCOS', 'CFC@CONTABILIDADEFABIANOCANDIDO.COM', '46575-000', null, null),
(10, '08.356.308/0002-67', 'FILTROLAR', 'REIDOALUMINIO@YAHOO.COM.BR', '30120-054', null, null),
(11, '38.946.519/0001-30', 'REAVEN', 'MARI_BOP@HOTMAIL.COM.BR', '13058-377', null, null),
(12, '38.946.640/0001-61', 'RESIDENCIAL AVANGARDEN ARAGUARI', 'LEGALIZACAO@ESCRITORIAL.COM.BR', '38407-114', null, null),
(13, '38.946.663/0001-76', 'ADRIANO CARDOSO', 'CARDOSOADRIANOMARTINS@GMAIL.COM', '16202-100', null, null),
(14, '38.946.698/0001-05', 'GABRIELA AMARAL CONSTRUCOES', 'GABRIELAAMARAL7@GMAIL.COM', '30330-230', null, null),
(15, '25.993.816/0002-75', 'BLACKOUT', 'BLACKOUTMT353@GMAIL.COM', '78015-500', null, null),
(16, '18.076.863/0002-99', 'ROCCALLE', 'CONTATO@ROCCALLE.COM.BR', '13033-740', null, null),
(17, '38.946.808/0001-39', 'IGREJA EVANGELICA MINISTERIO ALIANCA ETERNA', 'LEONARDORAMOSDOSSANTOS2017@HOTMAIL.COM', '26052-210', null, null),
(18, '38.946.833/0001-12', 'ERICAINFO SUPRIMENTO EM INFORMATICA', 'ELIVANSOARESCUNHA@HOTMAIL.COM', '69078-350', null, null),
(19, '38.946.867/0001-07', 'MAURILIO LIMA TECNOLOGIAR 3.000,00R 3.0', 'MAURILIOLIMA@OUTLOOK.COM.BR', '13343-260', null, null),
(20, '38.946.894/0001-80', 'BLACK TECH UNIVERSE', 'PABLOHLSANTOS@HOTMAIL.COM', '38600-206', null, null),
(21, '38.947.005/0001-07', 'EXPLODE VENDAS', 'EXPLODE.ATENDIMENTO@GMAIL.COM', '04432-000', null, null),
(22, '38.947.125/0001-04', 'ERGOSALUTE', 'MARCO.ANTONIO@ERGOSALUTE.COM.BR', '87080-320', null, null),
(23, '38.947.187/0001-08', 'OFF BIKE', 'CONTATOAVELINOCONTABILIDADE@GMAIL.COM', '35040-720', null, null),
(24, '38.947.196/0001-07', 'AGRO RECICLE PLASTICOS', 'SMCONTABILPOMBAL@HOTMAIL.COM', '48440-000', null, null),
(25, '38.947.223/0001-33', 'PC SOLDAS', 'NATALIAGABRIELE1@HOTMAIL.COM', '35680-078', null, null),
(26, '38.947.235/0001-68', 'PRIART PERSONALIZADOS', 'PRI.FREITAS09@GMAIL.COM', '13059-649', null, null),
(27, '38.947.295/0001-80', 'AUXILIAR CONSTRUTORA LTDA', 'SERGIOSALUTE@HOTMAIL.COM', '74936-210', null, null),
(28, '38.947.309/0001-66', 'VENTA CONECTA ELETRODOMESTICOS', 'VENTACONECTA@GMAIL.COM', '15806-355', null, null),
(29, '38.947.320/0001-26', 'BLACKWOLF', 'MICAELELOBO30@GMAIL.COM', '68430-000', null, null),
(30, '38.947.373/0001-47', 'IMPERIAL MATERIAIS PARA CONSTRUCAO', 'IMPERIALMCONSTRUCOES@GMAIL.COM', '37005-172', null, null),
(31, '24.612.362/0003-63', 'CONDOMINIO RESIDENCIAL PILAR II', 'CONTABIL@LORENSICONTADORES.COM.BR', '85807-700', null, null),
(32, '31.868.999/0001-19', 'MERCEDES MODA', 'ALESSANDRO@CONTABILIDADEADA.COM.BR', '32340-570', null, null),
(33, '38.947.498/0001-77', 'DANIELLE DA SILVA', 'DANISOMEP@GMAIL.COM', '26445-020', null, null),
(34, '38.947.520/0001-89', 'ARTE BRASIL', 'ABMODAPRAIA@HOTMAIL.COM', '28950-000', null, null),
(35, '29.976.633/0001-11', 'LE CAFETERIA', 'regedorcontabil@gmail.com', '12041-065', null, null),
(36, '38.947.564/0001-09', 'JOAO MARCOS BARRETO', 'JMARCOS.RJ@HOTMAIL.COM', '23092-290', null, null),
(37, '38.947.611/0001-14', 'LA CASA DE PASTEL', 'MAYCONBLANC@GMAIL.COM', '88914-000', null, null),
(38, '38.947.624/0001-93', 'MISTER PASTEL E CIA', 'ANDREA_MASSOTO@HOTMAIL.COM', '24451-030', null, null),
(39, '38.947.751/0001-92', 'VICTOR REIS TATTOO LTDA', 'VICTOR@TATTOO.COM.BR', '03377-000', null, null),
(40, '38.947.781/0001-07', 'KALINE MODA INTIMA', 'KALINEMS24@GMAIL.COM', '68503-180', null, null),
(41, '38.947.791/0001-34', 'ANA LUCIA SOUSA', 'KARINAMEDEIROSOLIVEIRA@HOTMAIL.COM', '91250-530', null, null),
(42, '38.947.804/0001-75', 'TRILHA BUSINESS SPACE', 'TRILHA@TRILHACONTABILIDADE.COM.BR', '41820-021', null, null),
(43, '27.866.935/0001-01', 'TEKGEN SOLUCOES', 'mazen.asefali@gmail.com', '80060-160', null, null),
(44, '38.947.888/0001-47', 'BERTOLO TRANSPORTES', 'ESCRITORIOZERPO@HOTMAIL.COM', '17960-000', null, null),
(45, '38.947.949/0001-76', 'KAROLINE MOREIRA CONSULTORIA', 'KMOREIRA2207@GMAIL.COM', '03134-002', null, null),
(46, '38.948.019/0001-37', 'PITANGA DECORACOES', 'CP.ZAMPIRI@GMAIL.COM', '83255-000', null, null),
(47, '27.540.408/0001-02', 'MJP COMIDA CASEIRA DELIVERY', 'WWSCARDOSO@GMAIL.COM', '24859-356', null, null),
(48, '38.948.074/0001-27', 'IZABEL NERY ORTODONTIA E FUNCIONALIDADE OROFACIAL', 'IZABEL.ODONTO@GMAIL.COM', '69050-055', null, null),
(49, '38.948.102/0001-06', 'LV RESIDENCIAL SENIOR', 'LEGALIZACAO@GRUPOPACINI.COM.BR', '03430-003', null, null),
(50, '38.948.140/0001-69', 'DIARISTA MC', 'CONTABILIDADECASCALHO@GMAIL.COM', '33940-190', null, null),
(51, '32.931.451/0001-39', 'PAZITTE PASTA & PIZZA', 'ISRAEL.CONTABIL@BOL.COM.BR', '06754-160', null, null),
(52, '38.948.234/0001-38', 'ESCOLA NOVA EPOCA', 'CONTATO@CONTABILIDADENAVARRO.COM.BR', '02710-001', null, null),
(53, '11.783.731/0002-58', 'SERRA DISTRIBUIDOR', 'SERRA.DISTRIBUIDOR@OUTLOOK.COM', '76804-156', null, null),
(54, '38.948.254/0001-09', 'TITITI DA TITI', 'CRISLANIUS@HOTMAIL.COM', '90880-130', null, null),
(55, '27.222.633/0001-09', 'DR PROPAGA MARKETING E COMUNICACAO', 'HIURYVIEIRAPERES@GMAIL.COM', '75907-681', null, null),
(56, '30.419.821/0001-28', 'OMS SERVICOS E ENGENHARIA', 'PABLOHENRIQUESIMOES@GMAIL.COM', '18060-660', null, null),
(57, '38.948.367/0001-04', 'ARMAZEM DONA CHICA', 'NOBRE@NOBRECONTABILIDADE.CNT.BR', '35170-098', null, null),
(58, '38.948.418/0001-06', 'EL BURGER', 'FRANKLINLIMANASCIMENTO@GMAIL.COM', '58070-380', null, null),
(59, '38.948.440/0001-48', 'DOIS IRMAOS PRESTACAO DE SERVICOS', 'ALEXANDRECABRALDEMENEZES71@GMAIL.COM', '78350-000', null, null),
(60, '38.948.499/0001-36', 'LOCKS PUBLICIDADE', 'GUSTAVOLOCKS_9@HOTMAIL.COM', '88790-000', null, null),
(61, '38.948.556/0001-87', 'CHOPPANA', 'CONDESPE@TERRA.COM.BR', '15015-000', null, null),
(62, '38.948.565/0001-78', 'CARLOS FERRAMENTAS DIVERSAS', 'EDCARLOS.EDU@GMAIL.COM', '02859-050', null, null),
(63, '38.948.599/0001-62', 'OSNY ACESSORIOS', 'MARCIO.MINASDIST@GMAIL.COM', '03420-010', null, null),
(64, '38.948.646/0001-78', 'EMPORIUM VINHOS', 'CAIO.VALDIR.FERREIRA@HOTMAIL.COM', '88220-000', null, null),
(65, '38.948.660/0001-71', 'CNK SUPORT TECNICO', 'KEVWY.AJADIGITAL@GMAIL.COM', '11680-000', null, null),
(66, '38.948.684/0001-20', 'TELES ENTREGAS', 'ARGOS.SOLUCOES@YAHOO.COM', '60330-310', null, null),
(67, '38.948.726/0001-23', 'ALTEZA LED', 'ALTEZALED@GMAIL.COM', '02450-020', null, null),
(68, '38.948.738/0001-58', 'KAROLYN MK', 'KAROLYNDOSSANTOS@HOTMAIL.COM', '84062-794', null, null),
(69, '38.948.749/0001-38', 'SALGADERIA E PADARIA FOFA', 'ORCONPAR@HOTMAIL.COM', '87270-000', null, null),
(70, '38.948.796/0001-81', 'LAVA RAPIDO MEDICINA', 'BONATTICONTABIL@IG.COM.BR', '37553-005', null, null),
(71, '38.948.879/0001-70', 'JHONATAN HERNANDES', 'JHONATAN448@HOTMAIL.COM', '05138-000', null, null),
(72, '38.948.892/0001-20', 'CAMPING DO LAZARO', 'ADIELESTL@YAHOO.COM.BR', '37408-000', null, null),
(73, '38.948.904/0001-16', 'THIAGO SHANDLER SANTOS GUIMARAES', 'THIAGOSHANDLER@HOTMAIL.COM', '41815-420', null, null),
(74, '21.995.090/0002-59', 'FEX STONE', 'FEXSTONE1@GMAIL.COM', '47520-000', null, null),
(75, '38.948.975/0001-19', 'N1 ENGENHARIA E CONSULTORIA', 'ENG.JVLIMA@GMAIL.COM', '37640-000', null, null),
(76, '38.949.030/0001-11', 'JULIO ROVEDA REPRESENTACAO COMERCIAL', 'ROVEDAJULIO@GMAIL.COM', '93044-030', null, null),
(77, '38.949.052/0001-81', 'VAGUIAR', 'VINICIUS_CONTABEIS89@YAHOO.COM.BR', '22725-390', null, null),
(78, '38.949.101/0001-86', 'OBA LASANHAS', 'DAYSEJA@HOTMAIL.COM', '49045-706', null, null),
(79, '38.949.143/0001-17', 'BEBE A BORDO MOVEIS', 'BBABORDO@BBABORDO.COM.BR', '89801-020', null, null),
(80, '38.949.257/0001-67', 'FRIGERI CENTRO ODONTOLOGICO', 'FRIGERICENTROODON@GMASIL.COM', '85601-480', null, null),
(81, '38.949.321/0001-00', 'ELIDA LETICIA', 'LETICIA.ELIDA@GMAIL.COM', '49010-390', null, null),
(82, '38.949.332/0001-90', 'FTX NEGOCIOS DIGITAIS', 'MEUCNPJ@CONTABILIZEI.COM.BR', '90850-240', null, null),
(83, '38.949.358/0001-38', 'FORMULA USINAGEM', 'ENGENHARIA@FORMULAUSINAGEM.COM.BR', '88169-899', null, null),
(84, '38.949.476/0001-46', 'KADOSH COMERCIO SERVICOS & EMPREENDIMENTOS', 'ELVISGRACA3@GMAIL.COM', '69630-000', null, null),
(85, '38.949.487/0001-26', 'SWEET DONUTS', 'RODRIGO594323@OUTLOOK.COM', '07273-160', null, null),
(86, '38.949.526/0001-95', 'MAIS 1 COFFEE TO GO', 'RENATO@APBT.COM.BR', '04537-002', null, null),
(87, '38.949.586/0001-08', 'LL PETS', 'LEOCIPRY@GMAIL.COM', '72410-304', null, null),
(88, '38.949.606/0001-40', 'QA CONSULTORIA', 'SANTANA.GUILHERME93@GMAIL.COM', '72506-204', null, null),
(89, '38.949.669/0001-05', 'CASA MILITAR MANAUS', 'SIVANEYDEVIANA@GMAIL.COM', '69033-090', null, null),
(90, '38.949.741/0001-96', 'TMJ E MISTURADO', 'RODRIGO.ROBERTO@UOL.COM.BR', '04570-001', null, null),
(91, '38.949.810/0001-61', 'WALLACE B CAMPOS', 'WALLACEBCAMPOS@GMAIL.COM', '21235-500', null, null),
(92, '38.949.893/0001-99', 'FOOD TRUCK GRENAL', 'LOPESMARLETE963@GMAIL.COM', '95588-000', null, null),
(93, '38.949.918/0001-54', 'HSCOMERCIO', 'HSCOMERCIO2020@GMAIL.COM', '67120-455', null, null),
(94, '38.949.955/0001-62', 'MARIA CAROLINE PONTES FARIAS', 'CAROLFARIAS91@HOTMAIL.COM', '60175-220', null, null),
(95, '38.949.966/0001-42', 'AMBIE HOME', 'ANDREIA_CCM@HOTMAIL.COM', '65073-280', null, null),
(96, '38.950.014/0001-49', 'VTR CONSTRUTORA', 'VTRCONSTRUTORA@HOTMAIL.COM', '88390-000', null, null),
(97, '38.950.026/0001-73', 'CASA DE CARNES A J R', 'ROBERTO.BARROSO@HOTMAIL.COM', '78128-717', null, null),
(98, '38.950.080/0001-19', 'PARREIRA', 'PEDROPPARREIRA@HOTMAIL.COM', '78705-700', null, null),
(99, '38.950.092/0001-43', 'CREDNEGOCIOS', 'FXCORRESPONDENTE@GMAIL.COM', '83030-720', null, null),
(100, '38.950.129/0001-33', 'RANCHO BOM REPOUSO', 'BRUNOMATHEUS3600@GMAIL.COM', '64219-899', null, null),
(101, '123.456.789-02', 'Andy', 'Andy@g.com', '10111-011', 'AA-11.222.333', STR_TO_DATE('31-08-2000', '%d-%m-%Y')),
(102, '123.456.789-03','Tom', 'Tom@g.com', '20111-012', 'AA-22.222.333', STR_TO_DATE('01-03-1995', '%d-%m-%Y')),
(103, '123.456.789-04', 'April', 'April@g.com', '30111-013', 'AA-33.222.333', STR_TO_DATE('03-10-1990', '%d-%m-%Y')),
(104, '123.456.789-05', 'Jerry', 'Jerry@g.com', '40111-014', 'AA-44.222.333', STR_TO_DATE('11-02-2002', '%d-%m-%Y')),
(105, '123.456.789-06', 'Donna', 'Donna@g.com', '50111-015', 'AA-55.222.333', STR_TO_DATE('29-12-2010', '%d-%m-%Y')),
(106, '123.456.789-07', 'Ana', 'Ana@g.com', '60111-016', 'AA-66.222.333', STR_TO_DATE('17-10-1984', '%d-%m-%Y')),
(107, '123.456.789-08', 'Chris', 'Chris@g.com', '70111-017', 'AA-77.222.333', STR_TO_DATE('07-07-1997', '%d-%m-%Y')),
(108, '123.456.789-01','Leslie', 'Leslie@g.com', '00111-010', 'AA-88.222.333', STR_TO_DATE('14-09-2001', '%d-%m-%Y')),
(109, '123.456.789-09', 'Ben', 'Ben@g.com', '80111-018', 'AA-99.222.333', STR_TO_DATE('19-11-2002', '%d-%m-%Y'));


INSERT INTO empresa (id, cnpj, nome_fantasia, cep) VALUES
(1, '38.946.314/0001-54', 'COUTINHO BOLOS E DOCES', '12316-230'),
(2, '38.946.346/0001-50', 'CONCEITO ODONTOLOGICO', '13185-230'),
(3, '38.946.358/0001-84', 'DROGARIA CONQUISTA', '28300-000'),
(4, '38.946.368/0001-10', 'KM TRANSPORTES', '88535-000'),
(5, '38.946.378/0001-55', 'MTB DISTRIBUIDORA', '04650-031'),
(6, '38.946.388/0001-90', 'PAZ TRAINERS', '62850-000'),
(7, '38.946.436/0001-40', 'LUCAS OTERO', '86809-060'),
(8, '38.946.475/0001-48', 'TEKTON', '60822-130'),
(9, '38.946.494/0001-74', 'MAXXIBLOCOS', '46575-000'),
(10, '08.356.308/0002-67', 'FILTROLAR', '30120-054'),
(11, '38.946.519/0001-30', 'REAVEN', '13058-377'),
(12, '38.946.640/0001-61', 'RESIDENCIAL AVANGARDEN ARAGUARI', '38407-114'),
(13, '38.946.663/0001-76', 'ADRIANO CARDOSO', '16202-100'),
(14, '38.946.698/0001-05', 'GABRIELA AMARAL CONSTRUCOES', '30330-230'),
(15, '25.993.816/0002-75', 'BLACKOUT', '78015-500'),
(16, '18.076.863/0002-99', 'ROCCALLE', '13033-740'),
(17, '38.946.808/0001-39', 'IGREJA EVANGELICA MINISTERIO ALIANCA ETERNA', '26052-210'),
(18, '38.946.833/0001-12', 'ERICAINFO SUPRIMENTO EM INFORMATICA', '69078-350'),
(19, '38.946.867/0001-07', 'MAURILIO LIMA TECNOLOGIAR 3.000,00R 3.0', '13343-260'),
(20, '38.946.894/0001-80', 'BLACK TECH UNIVERSE', '38600-206'),
(21, '38.947.005/0001-07', 'EXPLODE VENDAS', '04432-000'),
(22, '38.947.125/0001-04', 'ERGOSALUTE', '87080-320'),
(23, '38.947.187/0001-08', 'OFF BIKE', '35040-720'),
(24, '38.947.196/0001-07', 'AGRO RECICLE PLASTICOS', '48440-000'),
(25, '38.947.223/0001-33', 'PC SOLDAS', '35680-078'),
(26, '38.947.235/0001-68', 'PRIART PERSONALIZADOS', '13059-649'),
(27, '38.947.295/0001-80', 'AUXILIAR CONSTRUTORA LTDA', '74936-210'),
(28, '38.947.309/0001-66', 'VENTA CONECTA ELETRODOMESTICOS', '15806-355'),
(29, '38.947.320/0001-26', 'BLACKWOLF', '68430-000'),
(30, '38.947.373/0001-47', 'IMPERIAL MATERIAIS PARA CONSTRUCAO', '37005-172'),
(31, '24.612.362/0003-63', 'CONDOMINIO RESIDENCIAL PILAR II', '85807-700'),
(32, '31.868.999/0001-19', 'MERCEDES MODA', '32340-570'),
(33, '38.947.498/0001-77', 'DANIELLE DA SILVA', '26445-020'),
(34, '38.947.520/0001-89', 'ARTE BRASIL', '28950-000'),
(35, '29.976.633/0001-11', 'LE CAFETERIA', '12041-065'),
(36, '38.947.564/0001-09', 'JOAO MARCOS BARRETO', '23092-290'),
(37, '38.947.611/0001-14', 'LA CASA DE PASTEL', '88914-000'),
(38, '38.947.624/0001-93', 'MISTER PASTEL E CIA', '24451-030'),
(39, '38.947.751/0001-92', 'VICTOR REIS TATTOO LTDA', '03377-000'),
(40, '38.947.781/0001-07', 'KALINE MODA INTIMA', '68503-180'),
(41, '38.947.791/0001-34', 'ANA LUCIA SOUSA', '91250-530'),
(42, '38.947.804/0001-75', 'TRILHA BUSINESS SPACE', '41820-021'),
(43, '27.866.935/0001-01', 'TEKGEN SOLUCOES', '80060-160'),
(44, '38.947.888/0001-47', 'BERTOLO TRANSPORTES', '17960-000'),
(45, '38.947.949/0001-76', 'KAROLINE MOREIRA CONSULTORIA', '03134-002'),
(46, '38.948.019/0001-37', 'PITANGA DECORACOES', '83255-000'),
(47, '27.540.408/0001-02', 'MJP COMIDA CASEIRA DELIVERY', '24859-356'),
(48, '38.948.074/0001-27', 'IZABEL NERY ORTODONTIA E FUNCIONALIDADE OROFACIAL', '69050-055'),
(49, '38.948.102/0001-06', 'LV RESIDENCIAL SENIOR', '03430-003'),
(50, '38.948.140/0001-69', 'DIARISTA MC', '33940-190'),
(51, '32.931.451/0001-39', 'PAZITTE PASTA & PIZZA', '06754-160'),
(52, '38.948.234/0001-38', 'ESCOLA NOVA EPOCA', '02710-001'),
(53, '11.783.731/0002-58', 'SERRA DISTRIBUIDOR', '76804-156'),
(54, '38.948.254/0001-09', 'TITITI DA TITI', '90880-130'),
(55, '27.222.633/0001-09', 'DR PROPAGA MARKETING E COMUNICACAO', '75907-681'),
(56, '30.419.821/0001-28', 'OMS SERVICOS E ENGENHARIA', '18060-660'),
(57, '38.948.367/0001-04', 'ARMAZEM DONA CHICA', '35170-098'),
(58, '38.948.418/0001-06', 'EL BURGER', '58070-380'),
(59, '38.948.440/0001-48', 'DOIS IRMAOS PRESTACAO DE SERVICOS', '78350-000'),
(60, '38.948.499/0001-36', 'LOCKS PUBLICIDADE', '88790-000'),
(61, '38.948.556/0001-87', 'CHOPPANA', '15015-000'),
(62, '38.948.565/0001-78', 'CARLOS FERRAMENTAS DIVERSAS', '02859-050'),
(63, '38.948.599/0001-62', 'OSNY ACESSORIOS', '03420-010'),
(64, '38.948.646/0001-78', 'EMPORIUM VINHOS', '88220-000'),
(65, '38.948.660/0001-71', 'CNK SUPORT TECNICO', '11680-000'),
(66, '38.948.684/0001-20', 'TELES ENTREGAS', '60330-310'),
(67, '38.948.726/0001-23', 'ALTEZA LED', '02450-020'),
(68, '38.948.738/0001-58', 'KAROLYN MK', '84062-794'),
(69, '38.948.749/0001-38', 'SALGADERIA E PADARIA FOFA', '87270-000'),
(70, '38.948.796/0001-81', 'LAVA RAPIDO MEDICINA', '37553-005'),
(71, '38.948.879/0001-70', 'JHONATAN HERNANDES', '05138-000'),
(72, '38.948.892/0001-20', 'CAMPING DO LAZARO', '37408-000'),
(73, '38.948.904/0001-16', 'THIAGO SHANDLER SANTOS GUIMARAES', '41815-420'),
(74, '21.995.090/0002-59', 'FEX STONE', '47520-000'),
(75, '38.948.975/0001-19', 'N1 ENGENHARIA E CONSULTORIA', '37640-000'),
(76, '38.949.030/0001-11', 'JULIO ROVEDA REPRESENTACAO COMERCIAL', '93044-030'),
(77, '38.949.052/0001-81', 'VAGUIAR', '22725-390'),
(78, '38.949.101/0001-86', 'OBA LASANHAS', '49045-706'),
(79, '38.949.143/0001-17', 'BEBE A BORDO MOVEIS', '89801-020'),
(80, '38.949.257/0001-67', 'FRIGERI CENTRO ODONTOLOGICO', '85601-480'),
(81, '38.949.321/0001-00', 'ELIDA LETICIA', '49010-390'),
(82, '38.949.332/0001-90', 'FTX NEGOCIOS DIGITAIS', '90850-240'),
(83, '38.949.358/0001-38', 'FORMULA USINAGEM', '88169-899'),
(84, '38.949.476/0001-46', 'KADOSH COMERCIO SERVICOS & EMPREENDIMENTOS', '69630-000'),
(85, '38.949.487/0001-26', 'SWEET DONUTS', '07273-160'),
(86, '38.949.526/0001-95', 'MAIS 1 COFFEE TO GO', '04537-002'),
(87, '38.949.586/0001-08', 'LL PETS', '72410-304'),
(88, '38.949.606/0001-40', 'QA CONSULTORIA', '72506-204'),
(89, '38.949.669/0001-05', 'CASA MILITAR MANAUS', '69033-090'),
(90, '38.949.741/0001-96', 'TMJ E MISTURADO', '04570-001'),
(91, '38.949.810/0001-61', 'WALLACE B CAMPOS', '21235-500'),
(92, '38.949.893/0001-99', 'FOOD TRUCK GRENAL', '95588-000'),
(93, '38.949.918/0001-54', 'HSCOMERCIO', '67120-455'),
(94, '38.949.955/0001-62', 'MARIA CAROLINE PONTES FARIAS', '60175-220'),
(95, '38.949.966/0001-42', 'AMBIE HOME', '65073-280'),
(96, '38.950.014/0001-49', 'VTR CONSTRUTORA', '88390-000'),
(97, '38.950.026/0001-73', 'CASA DE CARNES A J R', '78128-717'),
(98, '38.950.080/0001-19', 'PARREIRA', '78705-700'),
(99, '38.950.092/0001-43', 'CREDNEGOCIOS', '83030-720'),
(100, '38.950.129/0001-33', 'RANCHO BOM REPOUSO', '64219-899');

INSERT INTO empresa_fornecedor (id, id_empresa, id_fornecedor) VALUES
(1, 1, 10),
(2, 1, 66),
(3, 1, 13),
(4, 1, 30),
(5, 1, 13),
(6, 1, 105),
(7, 1, 51),
(8, 1, 18),
(9, 2, 18),
(10, 2, 18),
(11, 2, 81),
(12, 2, 36),
(13, 2, 55),
(14, 2, 9),
(15, 2, 86),
(16, 2, 30),
(17, 2, 10),
(18, 3, 26),
(19, 3, 22),
(20, 3, 31),
(21, 3, 19),
(22, 3, 70),
(23, 3, 28),
(24, 3, 83),
(25, 3, 15),
(26, 3, 103),
(27, 4, 77),
(28, 4, 38),
(29, 4, 51),
(30, 4, 54),
(31, 4, 26),
(32, 4, 100),
(33, 4, 88),
(34, 4, 24),
(35, 4, 102),
(36, 5, 73),
(37, 5, 26),
(38, 5, 107),
(39, 5, 29),
(40, 5, 107),
(41, 5, 53),
(42, 5, 39),
(43, 5, 27),
(44, 5, 42),
(45, 6, 77),
(46, 6, 7),
(47, 6, 9),
(48, 6, 69),
(49, 6, 53),
(50, 6, 63),
(51, 6, 59),
(52, 6, 59),
(53, 6, 109),
(54, 7, 80),
(55, 7, 30),
(56, 7, 43),
(57, 7, 81),
(58, 7, 28),
(59, 7, 46),
(60, 7, 24),
(61, 7, 34),
(62, 7, 93),
(63, 8, 54),
(64, 8, 19),
(65, 8, 102),
(66, 8, 71),
(67, 8, 82),
(68, 8, 100),
(69, 8, 12),
(70, 8, 20),
(71, 8, 63),
(72, 9, 53),
(73, 9, 92),
(74, 9, 71),
(75, 9, 38),
(76, 9, 74),
(77, 9, 17),
(78, 9, 108),
(79, 9, 30),
(80, 9, 52),
(81, 10, 43),
(82, 10, 44),
(83, 10, 82),
(84, 10, 48),
(85, 10, 67),
(86, 10, 14),
(87, 10, 7),
(88, 10, 40),
(89, 10, 62),
(90, 11, 50),
(91, 11, 53),
(92, 11, 85),
(93, 11, 4),
(94, 11, 68),
(95, 11, 54),
(96, 11, 44),
(97, 11, 55),
(98, 12, 34),
(99, 12, 46),
(100, 12, 90),
(101, 12, 40),
(102, 12, 35),
(103, 12, 42),
(104, 12, 57),
(105, 12, 47),
(106, 12, 75),
(107, 13, 75),
(108, 13, 28),
(109, 13, 30),
(110, 13, 70),
(111, 13, 68),
(112, 13, 47),
(113, 13, 52),
(114, 13, 19),
(115, 13, 95),
(116, 14, 45),
(117, 14, 25),
(118, 14, 54),
(119, 14, 70),
(120, 14, 44),
(121, 14, 99),
(122, 14, 64),
(123, 14, 37),
(124, 14, 83),
(125, 15, 84),
(126, 15, 91),
(127, 15, 96),
(128, 15, 66),
(129, 15, 95),
(130, 15, 49),
(131, 15, 9),
(132, 15, 14),
(133, 15, 22),
(134, 16, 105),
(135, 16, 103),
(136, 16, 104),
(137, 16, 68),
(138, 16, 8),
(139, 16, 48),
(140, 16, 27),
(141, 16, 41),
(142, 16, 31),
(143, 17, 66),
(144, 17, 80),
(145, 17, 38),
(146, 17, 50),
(147, 17, 70),
(148, 17, 4),
(149, 17, 103),
(150, 17, 35),
(151, 17, 100),
(152, 18, 40),
(153, 18, 40),
(154, 18, 97),
(155, 18, 12),
(156, 18, 9),
(157, 18, 40),
(158, 18, 62),
(159, 18, 10),
(160, 18, 60),
(161, 19, 44),
(162, 19, 70),
(163, 19, 105),
(164, 19, 68),
(165, 19, 17),
(166, 19, 58),
(167, 19, 92),
(168, 19, 61),
(169, 19, 62),
(170, 20, 44),
(171, 20, 69),
(172, 20, 11),
(173, 20, 54),
(174, 20, 48),
(175, 20, 65),
(176, 20, 74),
(177, 20, 26),
(178, 20, 96),
(179, 21, 13),
(180, 21, 46),
(181, 21, 51),
(182, 21, 49),
(183, 21, 30),
(184, 21, 37),
(185, 21, 108),
(186, 21, 64),
(187, 21, 88),
(188, 22, 46),
(189, 22, 78),
(190, 22, 51),
(191, 22, 2),
(192, 22, 51),
(193, 22, 32),
(194, 22, 54),
(195, 22, 11),
(196, 22, 105),
(197, 23, 33),
(198, 23, 25),
(199, 23, 43),
(200, 23, 99),
(201, 23, 6),
(202, 23, 42),
(203, 23, 46),
(204, 23, 35),
(205, 23, 110),
(206, 24, 64),
(207, 24, 35),
(208, 24, 105),
(209, 24, 82),
(210, 24, 12),
(211, 24, 23),
(212, 24, 91),
(213, 24, 71),
(214, 24, 19),
(215, 25, 41),
(216, 25, 98),
(217, 25, 96),
(218, 25, 107),
(219, 25, 64),
(220, 25, 75),
(221, 25, 57),
(222, 25, 54),
(223, 25, 3),
(224, 26, 53),
(225, 26, 52),
(226, 26, 36),
(227, 26, 35),
(228, 26, 35),
(229, 26, 2),
(230, 26, 21),
(231, 26, 82),
(232, 26, 74),
(233, 27, 85),
(234, 27, 3),
(235, 27, 110),
(236, 27, 99),
(237, 27, 13),
(238, 27, 68),
(239, 27, 75),
(240, 27, 62),
(241, 27, 44),
(242, 28, 94),
(243, 28, 11),
(244, 28, 66),
(245, 28, 61),
(246, 28, 57),
(247, 28, 12),
(248, 28, 81),
(249, 28, 35),
(250, 29, 55),
(251, 29, 66),
(252, 29, 46),
(253, 29, 20),
(254, 29, 3),
(255, 29, 26),
(256, 29, 58),
(257, 29, 92),
(258, 30, 15),
(259, 30, 6),
(260, 30, 83),
(261, 30, 68),
(262, 30, 64),
(263, 30, 98),
(264, 30, 72),
(265, 30, 18),
(266, 30, 109),
(267, 31, 102),
(268, 31, 23),
(269, 31, 54),
(270, 31, 67),
(271, 31, 86),
(272, 31, 19),
(273, 31, 41),
(274, 31, 56),
(275, 32, 68),
(276, 32, 106),
(277, 32, 86),
(278, 32, 81),
(279, 32, 63),
(280, 32, 61),
(281, 32, 30),
(282, 32, 38),
(283, 32, 28),
(284, 33, 75),
(285, 33, 38),
(286, 33, 48),
(287, 33, 43),
(288, 33, 100),
(289, 33, 29),
(290, 33, 16),
(291, 33, 77),
(292, 33, 86),
(293, 34, 56),
(294, 34, 94),
(295, 34, 70),
(296, 34, 53),
(297, 34, 38),
(298, 34, 45),
(299, 34, 30),
(300, 34, 76),
(301, 34, 82),
(302, 35, 43),
(303, 35, 100),
(304, 35, 68),
(305, 35, 72),
(306, 35, 13),
(307, 35, 40),
(308, 35, 5),
(309, 35, 41),
(310, 35, 4),
(311, 36, 12),
(312, 36, 13),
(313, 36, 7),
(314, 36, 19),
(315, 36, 61),
(316, 36, 73),
(317, 36, 95),
(318, 36, 103),
(319, 36, 8),
(320, 37, 72),
(321, 37, 23),
(322, 37, 38),
(323, 37, 47),
(324, 37, 59),
(325, 37, 5),
(326, 37, 67),
(327, 37, 84),
(328, 37, 12),
(329, 38, 61),
(330, 38, 87),
(331, 38, 93),
(332, 38, 29),
(333, 38, 99),
(334, 38, 22),
(335, 38, 26),
(336, 38, 61),
(337, 38, 87),
(338, 39, 28),
(339, 39, 16),
(340, 39, 50),
(341, 39, 62),
(342, 39, 4),
(343, 39, 41),
(344, 39, 102),
(345, 39, 74),
(346, 39, 64),
(347, 40, 63),
(348, 40, 78),
(349, 40, 2),
(350, 40, 16),
(351, 40, 102),
(352, 40, 74),
(353, 40, 103),
(354, 40, 43),
(355, 40, 21),
(356, 41, 109),
(357, 41, 43),
(358, 41, 11),
(359, 41, 110),
(360, 41, 70),
(361, 41, 87),
(362, 41, 28),
(363, 41, 69),
(364, 42, 11),
(365, 42, 28),
(366, 42, 102),
(367, 42, 77),
(368, 42, 97),
(369, 42, 103),
(370, 42, 71),
(371, 42, 34),
(372, 42, 1),
(373, 43, 49),
(374, 43, 79),
(375, 43, 11),
(376, 43, 82),
(377, 43, 65),
(378, 43, 31),
(379, 43, 79),
(380, 43, 95),
(381, 43, 103),
(382, 44, 35),
(383, 44, 92),
(384, 44, 94),
(385, 44, 69),
(386, 44, 68),
(387, 44, 81),
(388, 44, 102),
(389, 44, 6),
(390, 45, 100),
(391, 45, 39),
(392, 45, 105),
(393, 45, 36),
(394, 45, 72),
(395, 45, 47),
(396, 45, 22),
(397, 45, 28),
(398, 45, 21),
(399, 46, 95),
(400, 46, 27),
(401, 46, 20),
(402, 46, 11),
(403, 46, 92),
(404, 46, 81),
(405, 46, 67),
(406, 46, 109),
(407, 46, 62),
(408, 47, 27),
(409, 47, 12),
(410, 47, 52),
(411, 47, 63),
(412, 47, 101),
(413, 47, 20),
(414, 47, 92),
(415, 47, 8),
(416, 48, 20),
(417, 48, 61),
(418, 48, 84),
(419, 48, 94),
(420, 48, 71),
(421, 48, 58),
(422, 48, 36),
(423, 48, 101),
(424, 48, 20),
(425, 49, 47),
(426, 49, 24),
(427, 49, 51),
(428, 49, 55),
(429, 49, 25),
(430, 49, 65),
(431, 49, 82),
(432, 49, 7),
(433, 49, 46),
(434, 50, 36),
(435, 50, 31),
(436, 50, 46),
(437, 50, 58),
(438, 50, 86),
(439, 50, 27),
(440, 50, 105),
(441, 50, 76),
(442, 50, 83),
(443, 51, 87),
(444, 51, 66),
(445, 51, 77),
(446, 51, 26),
(447, 51, 18),
(448, 51, 42),
(449, 51, 22),
(450, 51, 95),
(451, 51, 63),
(452, 52, 110),
(453, 52, 61),
(454, 52, 33),
(455, 52, 18),
(456, 52, 92),
(457, 52, 101),
(458, 52, 26),
(459, 52, 31),
(460, 52, 109),
(461, 53, 41),
(462, 53, 43),
(463, 53, 98),
(464, 53, 48),
(465, 53, 10),
(466, 53, 39),
(467, 53, 9),
(468, 53, 2),
(469, 54, 69),
(470, 54, 60),
(471, 54, 69),
(472, 54, 84),
(473, 54, 46),
(474, 54, 65),
(475, 54, 73),
(476, 54, 88),
(477, 54, 14),
(478, 55, 103),
(479, 55, 8),
(480, 55, 72),
(481, 55, 34),
(482, 55, 88),
(483, 55, 49),
(484, 55, 1),
(485, 55, 25),
(486, 55, 11),
(487, 56, 63),
(488, 56, 73),
(489, 56, 103),
(490, 56, 90),
(491, 56, 69),
(492, 56, 33),
(493, 56, 51),
(494, 56, 87),
(495, 56, 93),
(496, 57, 86),
(497, 57, 48),
(498, 57, 78),
(499, 57, 48),
(500, 57, 77),
(501, 57, 61),
(502, 57, 40),
(503, 57, 79),
(504, 58, 33),
(505, 58, 96),
(506, 58, 47),
(507, 58, 37),
(508, 58, 28),
(509, 58, 71),
(510, 58, 82),
(511, 58, 107),
(512, 58, 20),
(513, 59, 51),
(514, 59, 52),
(515, 59, 90),
(516, 59, 31),
(517, 59, 88),
(518, 59, 41),
(519, 59, 101),
(520, 59, 83),
(521, 59, 44),
(522, 60, 81),
(523, 60, 59),
(524, 60, 61),
(525, 60, 78),
(526, 60, 54),
(527, 60, 25),
(528, 60, 73),
(529, 60, 81),
(530, 60, 101),
(531, 61, 22),
(532, 61, 101),
(533, 61, 71),
(534, 61, 32),
(535, 61, 75),
(536, 61, 94),
(537, 61, 42),
(538, 61, 106),
(539, 61, 6),
(540, 62, 97),
(541, 62, 81),
(542, 62, 75),
(543, 62, 6),
(544, 62, 75),
(545, 62, 63),
(546, 62, 45),
(547, 62, 6),
(548, 62, 49),
(549, 63, 51),
(550, 63, 88),
(551, 63, 93),
(552, 63, 21),
(553, 63, 8),
(554, 63, 80),
(555, 63, 97),
(556, 63, 34),
(557, 63, 95),
(558, 64, 27),
(559, 64, 32),
(560, 64, 59),
(561, 64, 3),
(562, 64, 102),
(563, 64, 1),
(564, 64, 48),
(565, 64, 77),
(566, 64, 93),
(567, 65, 57),
(568, 65, 46),
(569, 65, 62),
(570, 65, 106),
(571, 65, 26),
(572, 65, 67),
(573, 65, 98),
(574, 65, 97),
(575, 65, 91),
(576, 66, 64),
(577, 66, 25),
(578, 66, 5),
(579, 66, 5),
(580, 66, 79),
(581, 66, 36),
(582, 66, 20),
(583, 66, 13),
(584, 66, 93),
(585, 67, 69),
(586, 67, 93),
(587, 67, 27),
(588, 67, 36),
(589, 67, 19),
(590, 67, 23),
(591, 67, 15),
(592, 67, 79),
(593, 68, 103),
(594, 68, 20),
(595, 68, 106),
(596, 68, 51),
(597, 68, 99),
(598, 68, 109),
(599, 68, 62),
(600, 68, 84),
(601, 68, 90),
(602, 69, 73),
(603, 69, 89),
(604, 69, 102),
(605, 69, 14),
(606, 69, 12),
(607, 69, 1),
(608, 69, 100),
(609, 69, 92),
(610, 69, 89),
(611, 70, 3),
(612, 70, 49),
(613, 70, 13),
(614, 70, 102),
(615, 70, 87),
(616, 70, 49),
(617, 70, 100),
(618, 70, 82),
(619, 70, 102),
(620, 71, 64),
(621, 71, 38),
(622, 71, 84),
(623, 71, 7),
(624, 71, 26),
(625, 71, 65),
(626, 71, 82),
(627, 71, 105),
(628, 71, 30),
(629, 72, 79),
(630, 72, 48),
(631, 72, 95),
(632, 72, 43),
(633, 72, 60),
(634, 72, 64),
(635, 72, 44),
(636, 72, 18),
(637, 72, 40),
(638, 73, 100),
(639, 73, 6),
(640, 73, 62),
(641, 73, 100),
(642, 73, 80),
(643, 73, 75),
(644, 73, 6),
(645, 73, 93),
(646, 73, 69),
(647, 74, 69),
(648, 74, 34),
(649, 74, 65),
(650, 74, 33),
(651, 74, 41),
(652, 74, 8),
(653, 74, 30),
(654, 74, 47),
(655, 74, 66),
(656, 75, 64),
(657, 75, 74),
(658, 75, 23),
(659, 75, 5),
(660, 75, 9),
(661, 75, 78),
(662, 75, 108),
(663, 75, 81),
(664, 75, 107),
(665, 76, 81),
(666, 76, 88),
(667, 76, 89),
(668, 76, 6),
(669, 76, 80),
(670, 76, 5),
(671, 76, 28),
(672, 76, 15),
(673, 76, 5),
(674, 77, 65),
(675, 77, 74),
(676, 77, 82),
(677, 77, 28),
(678, 77, 59),
(679, 77, 33),
(680, 77, 44),
(681, 77, 97),
(682, 78, 17),
(683, 78, 50),
(684, 78, 107),
(685, 78, 83),
(686, 78, 98),
(687, 78, 106),
(688, 78, 107),
(689, 78, 87),
(690, 78, 75),
(691, 79, 110),
(692, 79, 95),
(693, 79, 77),
(694, 79, 100),
(695, 79, 101),
(696, 79, 40),
(697, 79, 69),
(698, 79, 57),
(699, 79, 50),
(700, 80, 13),
(701, 80, 7),
(702, 80, 27),
(703, 80, 40),
(704, 80, 8),
(705, 80, 35),
(706, 80, 5),
(707, 80, 82),
(708, 80, 107),
(709, 81, 73),
(710, 81, 43),
(711, 81, 78),
(712, 81, 61),
(713, 81, 2),
(714, 81, 101),
(715, 81, 39),
(716, 81, 38),
(717, 81, 56),
(718, 82, 8),
(719, 82, 85),
(720, 82, 63),
(721, 82, 103),
(722, 82, 110),
(723, 82, 94),
(724, 82, 47),
(725, 82, 47),
(726, 82, 96),
(727, 83, 4),
(728, 83, 26),
(729, 83, 25),
(730, 83, 84),
(731, 83, 1),
(732, 83, 69),
(733, 83, 73),
(734, 83, 69),
(735, 83, 65),
(736, 84, 71),
(737, 84, 103),
(738, 84, 85),
(739, 84, 82),
(740, 84, 59),
(741, 84, 51),
(742, 84, 5),
(743, 84, 89),
(744, 84, 81),
(745, 85, 87),
(746, 85, 65),
(747, 85, 65),
(748, 85, 60),
(749, 85, 97),
(750, 85, 69),
(751, 85, 58),
(752, 85, 77),
(753, 85, 110),
(754, 86, 37),
(755, 86, 55),
(756, 86, 61),
(757, 86, 27),
(758, 86, 41),
(759, 86, 21),
(760, 86, 40),
(761, 86, 71),
(762, 86, 67),
(763, 87, 14),
(764, 87, 103),
(765, 87, 70),
(766, 87, 104),
(767, 87, 91),
(768, 87, 35),
(769, 87, 30),
(770, 87, 44),
(771, 87, 28),
(772, 88, 74),
(773, 88, 71),
(774, 88, 31),
(775, 88, 27),
(776, 88, 25),
(777, 88, 82),
(778, 88, 24),
(779, 88, 34),
(780, 88, 42),
(781, 89, 12),
(782, 89, 82),
(783, 89, 41),
(784, 89, 55),
(785, 89, 30),
(786, 89, 7),
(787, 89, 64),
(788, 89, 19),
(789, 90, 35),
(790, 90, 96),
(791, 90, 79),
(792, 90, 38),
(793, 90, 49),
(794, 90, 60),
(795, 90, 48),
(796, 90, 27),
(797, 90, 12),
(798, 91, 69),
(799, 91, 30),
(800, 91, 13),
(801, 91, 84),
(802, 91, 65),
(803, 91, 108),
(804, 91, 9),
(805, 91, 60),
(806, 91, 43),
(807, 92, 72),
(808, 92, 15),
(809, 92, 11),
(810, 92, 43),
(811, 92, 101),
(812, 92, 51),
(813, 92, 33),
(814, 92, 108),
(815, 92, 20),
(816, 93, 107),
(817, 93, 26),
(818, 93, 19),
(819, 93, 44),
(820, 93, 6),
(821, 93, 108),
(822, 93, 108),
(823, 93, 97),
(824, 93, 73),
(825, 94, 4),
(826, 94, 85),
(827, 94, 74),
(828, 94, 79),
(829, 94, 98),
(830, 94, 91),
(831, 94, 44),
(832, 94, 93),
(833, 94, 90),
(834, 95, 55),
(835, 95, 65),
(836, 95, 22),
(837, 95, 110),
(838, 95, 58),
(839, 95, 47),
(840, 95, 69),
(841, 95, 76),
(842, 95, 45),
(843, 96, 15),
(844, 96, 78),
(845, 96, 49),
(846, 96, 86),
(847, 96, 20),
(848, 96, 36),
(849, 96, 14),
(850, 96, 68),
(851, 96, 81),
(852, 97, 95),
(853, 97, 101),
(854, 97, 68),
(855, 97, 56),
(856, 97, 103),
(857, 97, 104),
(858, 97, 50),
(859, 97, 20),
(860, 97, 7),
(861, 98, 41),
(862, 98, 85),
(863, 98, 103),
(864, 98, 106),
(865, 98, 108),
(866, 98, 69),
(867, 98, 34),
(868, 98, 10),
(869, 98, 12),
(870, 99, 86),
(871, 99, 61),
(872, 99, 89),
(873, 99, 18),
(874, 99, 1),
(875, 99, 36),
(876, 99, 109),
(877, 99, 37),
(878, 99, 85),
(879, 100, 110),
(880, 100, 34),
(881, 100, 108),
(882, 100, 69),
(883, 100, 96),
(884, 100, 81),
(885, 100, 15),
(886, 100, 91),
(887, 100, 12);